﻿<?xml version="1.0" encoding="utf-8"?>
<Project ToolsVersion="12.0" xmlns="http://schemas.microsoft.com/developer/msbuild/2003">
  <PropertyGroup>
    <IncludeCompositeObjects>True</IncludeCompositeObjects>
    <TargetDatabaseName>AspNetIdentity</TargetDatabaseName>
    <DeployScriptFileName>Database.sql</DeployScriptFileName>
    <TargetConnectionString>Data Source=(LocalDb)\v11.0;Integrated Security=True;Pooling=False;Connect Timeout=30</TargetConnectionString>
    <BlockWhenDriftDetected>True</BlockWhenDriftDetected>
    <RegisterDataTierApplication>True</RegisterDataTierApplication>
    <ProfileVersionNumber>1</ProfileVersionNumber>
  </PropertyGroup>
</Project>